{"BTC": 8.913591024655617e-05, "ETH": 0.002237331668758572, "BNB": 0.011621015444329526, "NEO": 1.4970059880239521, "LTC": 0.08836264027569143, "QTUM": 3.714710252600297, "ADA": 11.892020454275182, "XRP": 3.4825004353125544, "TUSD": 10.034115994380894, "IOTA": 52.35602094240838, "XLM": 27.472527472527474, "ONT": 70.47216349541931, "TRX": 29.325513196480937, "ETC": 0.475511174512601, "ICX": 77.1604938271605, "VET": 415.28239202657807, "USDC": 10.00300090027008, "LINK": 0.41946308724832215}